Workbook

Sheet Heap File
A1: FILEFORGE — Heap File (insertion order)
A2: Records appended in insertion order — no sorting. Block # uses the Block Size set on the Stats sheet.
A4: Position | B4: ID | C4: Name | D4: Dept | E4: Marks | F4: Block #
A5: 1 | B5: 105 | C5: Rahul | D5: CSE | E5: 85 | F5: =ROUNDUP(A5/Stats!$B$3,0) -> 1
A6: 2 | B6: 108 | C6: Aman | D6: ECE | E6: 72 | F6: =ROUNDUP(A6/Stats!$B$3,0) -> 1
A7: 3 | B7: 103 | C7: Priya | D7: IT | E7: 91 | F7: =ROUNDUP(A7/Stats!$B$3,0) -> 1
A8: 4 | B8: 115 | C8: Ananya | D8: AIML | E8: 89 | F8: =ROUNDUP(A8/Stats!$B$3,0) -> 2
A9: 5 | B9: 120 | C9: Neha | D9: AIML | E9: 88 | F9: =ROUNDUP(A9/Stats!$B$3,0) -> 2
A10: 6 | B10: 106 | C10: Amit | D10: CSE | E10: 80 | F10: =ROUNDUP(A10/Stats!$B$3,0) -> 2
A11: 7 | B11: 114 | C11: Ritu | D11: IT | E11: 86 | F11: =ROUNDUP(A11/Stats!$B$3,0) -> 3
A12: 8 | B12: 101 | C12: Aarav | D12: CSE | E12: 95 | F12: =ROUNDUP(A12/Stats!$B$3,0) -> 3
A13: 9 | B13: 128 | C13: Suresh | D13: ME | E13: 70 | F13: =ROUNDUP(A13/Stats!$B$3,0) -> 3
A14: 10 | B14: 109 | C14: Kavita | D14: ECE | E14: 92 | F14: =ROUNDUP(A14/Stats!$B$3,0) -> 4
A15: 11 | B15: 122 | C15: Deepak | D15: ME | E15: 68 | F15: =ROUNDUP(A15/Stats!$B$3,0) -> 4
A16: 12 | B16: 118 | C16: Vikas | D16: IT | E16: 88 | F16: =ROUNDUP(A16/Stats!$B$3,0) -> 4

Sheet Sequential File
A1: FILEFORGE — Sequential File (sorted by primary key)
A2: Same 12 records as Heap File, kept sorted by ID. Block # uses the same Block Size on the Stats sheet.
A4: Position | B4: ID | C4: Name | D4: Dept | E4: Marks | F4: Block #
A5: 1 | B5: 101 | C5: Aarav | D5: CSE | E5: 95 | F5: =ROUNDUP(A5/Stats!$B$3,0) -> 1
A6: 2 | B6: 103 | C6: Priya | D6: IT | E6: 91 | F6: =ROUNDUP(A6/Stats!$B$3,0) -> 1
A7: 3 | B7: 105 | C7: Rahul | D7: CSE | E7: 85 | F7: =ROUNDUP(A7/Stats!$B$3,0) -> 1
A8: 4 | B8: 106 | C8: Amit | D8: CSE | E8: 80 | F8: =ROUNDUP(A8/Stats!$B$3,0) -> 2
A9: 5 | B9: 108 | C9: Aman | D9: ECE | E9: 72 | F9: =ROUNDUP(A9/Stats!$B$3,0) -> 2
A10: 6 | B10: 109 | C10: Kavita | D10: ECE | E10: 92 | F10: =ROUNDUP(A10/Stats!$B$3,0) -> 2
A11: 7 | B11: 114 | C11: Ritu | D11: IT | E11: 86 | F11: =ROUNDUP(A11/Stats!$B$3,0) -> 3
A12: 8 | B12: 115 | C12: Ananya | D12: AIML | E12: 89 | F12: =ROUNDUP(A12/Stats!$B$3,0) -> 3
A13: 9 | B13: 118 | C13: Vikas | D13: IT | E13: 88 | F13: =ROUNDUP(A13/Stats!$B$3,0) -> 3
A14: 10 | B14: 120 | C14: Neha | D14: AIML | E14: 88 | F14: =ROUNDUP(A14/Stats!$B$3,0) -> 4
A15: 11 | B15: 122 | C15: Deepak | D15: ME | E15: 68 | F15: =ROUNDUP(A15/Stats!$B$3,0) -> 4
A16: 12 | B16: 128 | C16: Suresh | D16: ME | E16: 70 | F16: =ROUNDUP(A16/Stats!$B$3,0) -> 4

Sheet Stats
A1: FILEFORGE — Storage & Search Cost Summary
A3: Block Size (B) — editable | B3: 3
A4: Total Records (N) | B4: =COUNT('Heap File'!B5:B16) -> 12
A5: Heap Blocks (b = ⌈N/B⌉) | B5: =ROUNDUP(B4/B3,0) -> 4
A6: Sequential Blocks (b = ⌈N/B⌉) | B6: =ROUNDUP(B4/B3,0) -> 4
A7: Packing Factor | B7: =B4/(B5*B3) -> 1
A8: Heap — Avg. Comparisons (N/2) | B8: =B4/2 -> 6
A9: Sequential — Comparisons (⌊log₂N⌋+1) | B9: =INT(LOG(B4,2))+1 -> 4
A10: Heap — Avg. Block Accesses (b/2) | B10: =ROUNDUP(B5/2,0) -> 2
A11: Sequential — Block Accesses (⌈log₂b⌉) | B11: =ROUNDUP(LOG(B6,2),0) -> 2
A13: Formulas follow the standard DBMS textbook costs used throughout the FILEFORGE app (see AI_PROMPT_LOG.md — Core Knowledge Base). N/2 and ⌈N/B⌉ etc. are averages, not guarantees for any single run.
